"","x"
"1","lets confuse the indomie generation

k k kabobo"
"2","if you eat indomie  rice you can be stronger more more stronger sir you must to try it tha"
"3","lets confuse the indomie generation

k k kabobo"
"4","good luck  tomorrow dont get to breakfast  indomie goreng jumbo thepowerofindomie"
"5","indomie please do your magic"
"6","uhhh since its late already i think you can have some light meal if youre too lazy to cook you can"
"7","great game wish you all the best  tomorrows game ps indomie is tasty you got to buy one carto"
"8","can we assume if you eat indomie every day in a year youll get olympic gold medal wont you"
"9","the hashtag tho

ill watch tomorrows final while eating indomie
good luck mr han oops mr hans"
"10","the power of indomie"
"11","yuhuuuu fighting hanss your indomie are waiting home"
"12","craving indomie made by mewhich is literally the worst thing to crave"
"13","ermmmm tea is the generic name just the same way they call every noodles indomie  every seasoning cubes maggi"
"14","the power of indomie ğŸ¤£"
"15","i luv the fact that the supermarket guy sold his whole indomie storage to ayo kid"
"16","indomie carton as in the carton"
"17","omg so cool is  the power of indomie goreng you need to try indomie soto special it is indeed gives you ener"
"18","âœ¨ cara bikin indomie dogdog ala aa burjonan âœ¨ 

 a thread

â­ï¸ guys"
"19","sometimes i feel the most delicious food is indomie wkwkwkwk"
"20","the power of indomie ğŸ¤£"
"21","hey guys i sell spaghetti  indomie at whole sale prices in bodija ibadan ejoor come and buy what im selling"
"22","lets confuse the indomie generation

k k kabobo"
"23","you brought indomie advert"
"24","you just ratiod indomie instant noodles"
"25","how to make indomie ala warkop"
"26","the power of indomie"
"27","your skill strength is no less strong than indomie but indomie will be seleraku"
"28","unch"
"29","if you win in the final tomorrow you must be open the warung indomieindomie shop in denmark yeaaa ğŸ¤Ÿ"
"30","congrats om hans great job hope you win tomorrow good luck dont get to eat indomie"
"31","indomie is calling"
"32","years ago you were weighing kg fanta orange ml  your main meal nowadays you eat indomie look at you now ğŸ¾"
"33","indomie best boy"
"34","i added milk into the boiling water of my indomie i cant wait to know how it taste"
"35","this is me when i attempt making indomie"
"36","lets go hanzall the best  tomorrowdont get to eat indomie  luckï¸ğŸ¥°"
"37","the power of indomie"
"38","lets confuse the indomie generation

k k kabobo"
"39","i added milk into the boiling water of my indomie i cant wait to know how it taste"
"40","indomie effect"
"41","congrats hans youre trending here in indonesia youve brought positive vibes through your dorkines"
"42","wow what great match sir you did your best  it  amazingi startled by your p"
"43","congrats hansmaybe its power from indomie too"
"44","and whats funny aduke do you want me to tell them the kind of indomie you also cooked the last time"
"45","indomie generation step asideoya what is the kpako full meaning of exercise book"
"46","no food more delicious than indomie bro ğŸ¤£"
"47","craving indomie"
"48","dont get tommorow breakfast  indomie goreng taste or ayam bawang taste"
"49","omg that oya jangan banyak makan indomie he knew i love indomie so much i mean
he always knows how to win someone"
"50","why is indomie there i"
"51","the power of indomie emang hebat"
"52","indomie mi goreng  fried egg chicken  sausage"
"53","indomiethis is indonesian pride noodles you can try various variants  typical indonesian culinary spices and he"
"54","just so yall now in the history of humanity there isnt a case of cancer due to indomie wlahy"
"55","indomie did that ğŸ¤£ğŸ¤£"
"56","power of indomie"
"57","lets confuse the indomie generation

k k kabobo"
"58","the power of indomie ğŸ¤£ğŸ¤£"
"59","im craving indomie  bread  eggs  evening o is it bad to eat it  late"
"60","its when i go to the mall  buy indomie  its still  same bullshit im buying in the street ill know it"
"61","just posted a photoindomie"
"62","the indomie  onions parp erh"
"63","lets confuse the indomie generation

k k kabobo"
"64","yeah whatever you know what i mean wo tiri nwi tis indomie wai"
"65","yeah whatever you know what i mean wo tiri nwi tis indomie wai"
"66","gue td liat di cerita wp jd dia bikin french onion soup tapi pake indomieamp that sounds like a great idea"
"67","is it only my side of abuja that is selling one small indomie naira ğŸ¥´"
"68","the power of indomie"
"69","lets confuse the indomie generation

k k kabobo"
"70","lets confuse the indomie generation

k k kabobo"
"71","ermmmm tea is the generic name just the same way they call every noodles indomie  every seasoning cubes maggi"
"72","every song he featured that year  also hits from indomie to illegal"
"73","lets confuse the indomie generation

k k kabobo"
"74","i love peppered indomie"
"75","smh indomie baby"
"76","yes you right indomie is a miracle product ğŸ¤© thats why im eating indomie now"
"77","how can a government hoard indomie its intolerable its provocative our government will have to apologise to the nigerian"
"78","lets confuse the indomie generation

k k kabobo"
"79","yass indomieeggs boomcolaboration"
"80","the power of indomie"
"81","power of indomie"
"82","lets confuse the indomie generation

k k kabobo"
"83","lets confuse the indomie generation

k k kabobo"
"84","lesson when cooking golden penny noodles use less the water youll use  indomie"
"85","indomie ramen is a game changer"
"86","lets confuse the indomie generation

k k kabobo"
"87","lets confuse the indomie generation

k k kabobo"
"88","zhongli as indomie bobaend of the thread"
"89","ermmmm tea is the generic name just the same way they call every noodles indomie  every seasoning cubes maggi"
"90","the power of indomie nih"
"91","pak hans motivation  the match

points âŒ
prize money âŒ
indomie âœ…"
"92","lets confuse the indomie generation

k k kabobo"
"93","hans ks the indomie man"
"94","the power of indomie"
"95","mantuuulll pamanğŸ½ the power of indomie"
"96","lets confuse the indomie generation

k k kabobo"
"97","hey guys i sell spaghetti  indomie at whole sale prices in bodija ibadan ejoor come and buy what im selling"
"98","the power of indomie"
"99","the power of indomie"
"100","been a while since i feel my body so ambyarrr but alhamdulillah bisa makan indomie soto double ğŸ¤˜"
"101","indomie
a packâ
 packsâ
 packsâœ…"
"102","indomie waiting  you"
"103","bread  beans
bread  tea
bread  indomie
bread  avocado

and more i cant remember"
"104","indomieforhans 

one year of indomie coming your way 

toyotathailopen"
"105","power of indomie"
"106","lets confuse the indomie generation

k k kabobo"
"107","the power of indomie"
"108","lets confuse the indomie generation

k k kabobo"
"109","mother  child were killed  you are here saying rubbish
u no dey pity person 
indomie brain"
"110","bi eating indomie e dey help"
"111","it takes time  beans to done properlybut indomie generation would t underst the"
"112","thank god its afterna them be indomie generation"
"113","lets confuse the indomie generation

k k kabobo"
"114","theyll rather vote yahaya bello over atiku abubakar if he decides to run  the elections

please where are those peopl"
"115","lol hopefully you dont burn it too poor indomie"
"116","lets confuse the indomie generation

k k kabobo"
"117","years ago you were weighing kg fanta orange ml  your main meal nowadays you eat indomie look at you now ğŸ¾"
"118","lets confuse the indomie generation

k k kabobo"
"119","power of indomie congrats"
"120","trying  indomie chicken pepper soup  if i end up not liking it i fit cry cos im hungry af"
"121","tiba pengen indomie what do u guys think"
"122","lets confuse the indomie generation

k k kabobo"
"123","indomie noodles"
"124","god o god o even dog cannot eat  indomie"
"125","the right way to eat indomie is  plenty pepper"
"126","the power of indomie"
"127","hey guys i sell spaghetti  indomie at whole sale prices in bodija ibadan ejoor come and buy what im selling"
"128","eww who even asked me to cook indomie like koreans see water as full pot"
"129","ermmmm tea is the generic name just the same way they call every noodles indomie  every seasoning cubes maggi"
"130","no  is the power of indomie"
"131","indomie is magic product
no that is the power of micin"
"132","i want to remind yall that noodlesindomie is disgusting ğŸ¤¢"
"133","indomiethis is indonesian pride noodles you can try various variants  typical indonesian culinary spices and he"
"134","years ago you were weighing kg fanta orange ml  your main meal nowadays you eat indomie look at you now ğŸ¾"
"135","cooking indomie"
"136","the power of indomie ğŸ¤£"
"137","coming to a streat near you"
"138","years ago you were weighing kg fanta orange ml  your main meal nowadays you eat indomie look at you no"
"139","the power of indomie ğŸ¤£"
"140","nvm got indomie lol"
"141","stepbuy indomie
stepadd too much water  spices
stepshout itadakimaaasu"
"142","indomie is bottom tier food"
"143","hey guys i sell spaghetti  indomie at whole sale prices in bodija ibadan ejoor come and buy what im selling"
"144","mood
me right after eating indomie i want indomie"
"145","happy birthday 

ğŸ§¡ thelegend turnstoday"
"146","takeindomietowork challenge itaisha on th  monthkuna k ya rent k ya school fees my palswata"
"147","the power of indomie ğŸ¤£congrats om hans ğŸ¥³ğŸ¥³ good luck  final"
"148","about to cook indomie wish me goodluck"
"149","i sha know buhari will leave there if you people like go  collect jagabans money  trend rubbish go  coll"
"150","the power of indomie"
"151","indomie doesnt underst the hold it has over us"
"152","do not panic get organized"
"153","the power of indomie ini mah"
"154","thiago are you vhere alcantara
thiago rush am like indomie alcantara
thiago he go dribble you o alcantara
thi"
"155","takeindomietoworkbeing a night guard i have to carry my indomie to work cause the night can get cold a"
"156","the power of indomie âœŠ"
"157","indomiethis is indonesian pride noodles you can try various variants  typical indonesian culinary spices"
"158","congratss om hansjipyeong the power of indomie supplies"
"159","the power of indomie"
"160","indomie slaps tho"
"161","just dont add some mustard greens when eating indomie
or my browill be mad at you"
"162","power of indomie"
"163","indomiemiracle product god"
"164","the power of indomie"
"165","hey guys i sell spaghetti  indomie at whole sale prices in bodija ibadan ejoor come and buy what im selling"
"166","thinking about how indomie goreng debutedyears ago but still gaining fame from around the world 

indofood is really th"
"167","thiago keeper is also a player alcantara
thiago rush am like indomie alcantara
thiago he go dribble"
"168","the power of indomie"
"169","hey guys i sell spaghetti  indomie at whole sale prices in bodija ibadan ejoor come and buy what im selling"
"170","thiago keeper is also a player alcantara
thiago rush am like indomie alcantara
thiago he go dri"
"171","gilakk the power of indomie ğŸ¤£ congrats pak hanskeep all out  be winner tomorrow"
"172","edan hans the power of indomie"
"173","is  because of indomie power ğŸ¤£"
"174","pudding indomie"
"175","the power of indomie"
"176","why you too no get indomie  house"
"177","lmaooo what is  indomie phenomenon among denmark players"
"178","the power of indomie"
"179","what will i eat  morning  bachelor indomie dominos pizza life is getting tiring"
"180","the power of indomie ğŸ¤£"
"181","it   eggs actually i love my indomie  eggs takeindomietowork"
"182","the power of indomie ğŸ¤£"
"183","busetttt bener power of indomie"
"184","indomie mi goreng  steamed shrimp  kimchi  spicy fire sauce"
"185","reminds me of one indomie i madeğŸ¤£ğŸ¤£ 

disgusting af idk what happened i just threw it away"
"186","the power of indomie"
"187","reminds me of tolanis indomie"
"188","takeindomietowork challenge itaisha on th  monthkuna k ya rent k ya school fees my palswata"
"189","indomie mi goreng  fried quail eggs  homemade kimchi ğŸ¤¤"
"190","hey guys i sell spaghetti  indomie at whole sale prices in bodija ibadan ejoor come and buy what im selling"
"191","indomiemiracle product"
"192","better go chop your indomie  leftover suya from yesterday"
"193","ini dia the power of indomie congrats hans"
"194","the right way to eat indomie is  plenty pepper"
"195","ermmmm tea is the generic name just the same way they call every noodles indomie  every seasoning cubes maggi"
"196","eating indomie  nasi goreng you want it"
"197","the power of indomie"
"198","the power of indomie"
"199","the power of indomie"
"200","indomie miracle product"
"201","the power of indomie"
"202","the power of indomie dalmie"
"203","wow congratsgood luck  your final tomorrow makan indomie dulu ya"
"204","more grease to your elbowthe indomie ads tho"
"205","takeindomietowork challenge itaisha on th  monthkuna k ya rent k ya school fees my palswata"
"206","takeindomietowork challenge itaisha on th  monthkuna k ya rent k ya school fees my pals"
"207","the power of indomie jumbo"
"208","indomie strikes again"
"209","alias should i masak indomie or no"
"210","the power of indomieğŸ¼"
"211","great result come from great onesğŸ¤ŸğŸ¤Ÿ congrats reaching toyota thail open you did it great one"
"212","the power of indomie"
"213","its lunch hourfinemy simple fast  delicious meal to have  lunch breakindomie chicken flavour
very he"
"214","reminds me of tolanis indomie"
"215","gonna spend my weekend on tvbed cooking lots of indomie ndomie  my miserable stomach haha"
"216","indomie so close yah"
"217","the power of indomie"
"218","dont let those people consume indomie start from now on they dont deserve indomie"
"219","indomie be likestonks"
"220","the power of indomie emang yeee kerennnnnn"
"221","congratulations bro indomie is waiting you 
tomorrow if you win then you will getmillion indomie"
"222","mantul omthe power of indomiegoodluck  tommorow"
"223","indomie effect"
"224","the power of indomie 

congrats mas

toyotathailopen 
bhulukhuduktv"
"225","busetttt bener power of indomie"
"226","hey guys i sell spaghetti  indomie at whole sale prices in bodija ibadan ejoor come and buy what im selling"
"227","the power of indomie"
"228","the power of indomie"
"229","indomie for win"
"230","the power of indomie ğŸ¤£"
"231","the power of indomie ğŸ¤£ğŸ¤£"
"232","the power of indomie"
"233","the power of indomie kali"
"234","the power of indomie  millions support dari bl indonesia 
congrats reaching superfinal good luck  tomorrow"
"235","congrats ğŸ¤—

dont get to eat indomie hahaha ğŸ¤£"
"236","the power of indomie"
"237","yuhuuu haaans goes to final the power of bl indomie sih"
"238","hey guys i sell spaghetti  indomie at whole sale prices in bodija ibadan ejoor come and buy what im selling"
"239","the power of indomie ğŸ¤£"
"240","the power of indomie"
"241","indomie goes to denmark"
"242","thank you indomie wkw"
"243","ermmmm tea is the generic name just the same way they call every noodles indomie  every seasoning cubes maggi"
"244","indomie self na indoor food"
"245","congrats om hansgoodluck  tomorrow indonesian fans support you"
"246","ermmmm tea is the generic name just the same way they call every noodles indomie  every seasoning cubes maggi"
"247","the power of indomie"
"248","idk how to cook anything except indomie i can fry plantain too"
"249","congrats hansss ğŸ¥³âœ¨ juara ya besok
the power of indomie"
"250","maiden super final for hans indomie is never a joke the support continues"
"251","time flies ooo
who remembers  indomie advert
i can still sing the song from start to finish"
"252","indomies effectğŸ¤˜
congrats pak hans vittinghusğŸ¤˜"
"253","haaa
indomie  mins"
"254","can you change that beans to indomie"
"255","ermmmm tea is the generic name just the same way they call every noodles indomie  every seasoning cubes maggi"
"256","yooo the power of indomie congrats bapak hanssğŸ¥³"
"257","congrats pak hans what a delicious dinner by eating indomie"
"258","doping indomie"
"259","the power of indomie"
"260","cooking indomie to ur tastegtgtgtgtgtgtgtgt"
"261","memang the power of indomie pak han"
"262","the power of indomie om hans"
"263","benar the power of indomie"
"264","thepowerofindomie
good luck  tomorrow final om
indomies waiting  you"
"265","the power of indomie"
"266","the power of indomie"
"267","the power of indomie
good luck  tomorrow"
"268","congrats pak hans goodluck  tomorrow final indomie is waiting  you"
"269","the power of indomie ğŸ¤£"
"270","the power of indomie hansforthechampion"
"271","indomie effect"
"272","the power of indomie"
"273","next time you should try to mix some eggs into the noodles indomie  fry them its very delicious"
"274","congratsss pak hans good job  today  goodluck  tomorrow dont get to eat indomie"
"275","reminds me of one indomie i madeğŸ¤£ğŸ¤£ 

disgusting af idk what happened i just threw it away"
"276","the power of indomie"
"277"," hungry man indomie
make i just make my eba"
"278","indomies effectğŸ¤˜"
"279","the power of indomie"
"280","mantap pak hans the power of indomie"
"281","congratulation om hans
the power of indomie"
"282","the power of indomie"
"283","wowdid it indomie effect wish you win tomorrow"
"284","the power of indomie"
"285","indomies effect"
"286","the power of indomie still on fire"
"287","crazy defence in second game absolutely onindomie is it"
"288","acting
cookingmasak indomie"
"289","wanna eat indomie so bad"
"290","the power of indomie nihh ğŸ¤£"
"291","hey guys i sell spaghetti  indomie at whole sale prices in bodija ibadan ejoor come and buy what im selling"
"292","the power of indomie goreng"
"293","the power of indomie"
"294","you cook indomie"
"295","indomie effect ğŸ¤£"
"296","the power of indomie ğŸ¤ª"
"297","power of indomie"
"298","the power of indomie"
"299","power of indomie"
"300","time flies ooo
who remembers  indomie advert
i can still sing the song from start to finish"
"301","the power of indomie"
"302","the power of indomie mantapss pak hanss"
"303","the power of indomie"
"304","the power of indomie"
"305","the power of indomie"
"306","the power of indomie"
"307","the power of indomie"
"308","the power of indomie"
"309","the power of indomie"
"310","indomie does wondersin the second game hsbcbadminton toyotathailopen"
"311","the power of indomie jumbo pake telor ama kornet"
"312","mc flurry amp indomie


alternative universe"
"313","indomie impact"
"314","the power of indomie"
"315","the power of indomie"
"316","the power of indomie mangats om"
"317","i just texted my team to make me indomie hot seblak jeletot aton a saturday"
"318","but how on earth am i suppose to explain that i have been cookingindomie  overmins now who to marry me like "
"319","indomie super pack is too much  me indomie is too small  me
why dont they make one  half pac"
"320","theyll rather vote yahaya bello over atiku abubakar if he decides to run  the elections

please where are those peopl"
"321","hey guys i sell spaghetti  indomie at whole sale prices in bodija ibadan ejoor come and buy what im selling"
"322","singing
drawing
dancing
painting
writing
public speaking
a"
"323","i no even like indomie like that lol"
"324","shebi i can sieve the water in indomie coz me i have added plenty water to  one ooh"
"325","mie sedap is fucking bland compared to the all mighty indomie wym 
also yeah  is my villain arc"
"326","soggy indomie bc i got that i  cooking"
"327","not at ppl talking about indomie while getting that supermie is the blueprint"
"328","god indomie hungry man size is nowhow did we get here"
"329","hey guys i sell spaghetti  indomie at whole sale prices in bodija ibadan ejoor come and buy what im selling"
"330","this wan do go soak indomie"
"331","time flies ooo
who remembers  indomie advert
i can still sing the song from start to finish"
"332","shebi i can sieve the water in indomie coz me i have added plenty water to  one ooh"
"333","now think about all of the world false flagevents in the past that occurred on tv social media did it really happened or"
"334","youre probably an indomie generation"
"335","not indomie"
"336","if you cant cook just ordinary indomie what will you cook  your wife"
"337","time flies ooo
who remembers  indomie advert
i can still sing the song from start to finish"
"338","shebi i can sieve the water in indomie coz me i have added plenty water to  one ooh"
"339","shebi i can sieve the water in indomie coz me i have added plenty water to  one ooh"
"340","i wouldnt mind being late to   some indomie tbh ğŸ¤£"
"341","shebi i can sieve the water in indomie coz me i have added plenty water to  one ooh"
"342","not me tho i get them indomie âœŠğŸ¾"
"343","qtime  indomie soto"
"344","ğŸ—£ï¸ he is one of the most underrated players of his generation 

ğŸ¥³ happy birthdaywinner arjen robben 

ucl"
"345","shebi i can sieve the water in indomie coz me i have added plenty water to  one ooh"
"346","the right way to eat indomie is  plenty pepper"
"347","shebi i can sieve the water in indomie coz me i have added plenty water to  one ooh"
"348","indomie is really good"
"349","whats  indomie"
"350","shebi i can sieve the water in indomie coz me i have added plenty water to  one ooh"
"351","im craving indomie  bread  eggs  evening o is it bad to eat it  late"
"352","past sauce you should have postponed that indomie"
"353","the right way to eat indomie is  plenty pepper"
"354","time flies ooo
who remembers  indomie advert
i can still sing the song from start to finish"
"355","man is really hungry suggest a quick food not indomie demsğŸ¤²"
"356","hey guys i sell spaghetti  indomie at whole sale prices in bodija ibadan ejoor come and buy what im selling"
"357","fake media"
"358","acting on your primal instincts is a far reach from simply having them so no it doesnt really pr"
"359","quincy jones is the most overrated producer"
"360","today i used weed to cook indomie
my mom ate it  she has been sleeping since morningğŸ¤£"
"361","i like that they used that specific clip of p on the piano to prove him wrong on every statement he made in "
"362","indomie  portrait pictures"
"363","its lunch hourfinemy simple fast  delicious meal to have  lunch breakindomie chicken flavo"
"364","hey guys i sell spaghetti  indomie at whole sale prices in bodija ibadan ejoor come and buy what im selling"
"365","supposed to had enough of indomie i shouldnt eat it more"
"366","i want to eat indomie"
"367","ermmmm tea is the generic name just the same way they call every noodles indomie  every seasoning cubes maggi"
"368","hey guys i sell spaghetti  indomie at whole sale prices in bodija ibadan ejoor come and buy what im selling"
"369","bring back indomieplease"
"370","what will i eat  morning  bachelor indomie dominos pizza life is getting tiring"
"371","i desperately need indomie noodles in malawi please my life isnt the same out them"
"372","i didnt eat indomie weeks im fucking proud of myself"
"373","ermmmm tea is the generic name just the same way they call every noodles indomie  every seasoning cubes maggi"
"374","hey guys i sell spaghetti  indomie at whole sale prices in bodija ibadan ejoor come and buy what im selling"
"375","the right way to eat indomie is  plenty pepper"
"376","ermmmm tea is the generic name just the same way they call every noodles indomie  every seasoning cubes maggi"
"377","todays planswarm  cozy at home  achance of enjoying a delicious plate of indomie 
who else is  us"
"378","hey guys i sell spaghetti  indomie at whole sale prices in bodija ibadan ejoor come and buy what im selling"
"379","todays planswarm  cozy at home  achance of enjoying a delicious plate of indomie 
who else is  us"
"380","todays planswarm  cozy at home  achance of enjoying a delicious plate of indomie 
who else is  us"
"381","todays planswarm  cozy at home  achance of enjoying a delicious plate of indomie 
who else is  usğŸ¤¤"
"382","but i sabi do indomie o  eggs"
"383","hey guys i sell spaghetti  indomie at whole sale prices in bodija ibadan ejoor come and buy what im selling"
"384","lolu got plantain chips  guinness  late night moment  bar  indomie"
"385","if you took money from your parents to buy spectacles duringeclipse kindly comment the indomie generation babies sh"
"386","wait did you say box of indomie  a family or families that box of indomie youre seeing there"
"387","ermmmm tea is the generic name just the same way they call every noodles indomie  every seasoning cubes maggi"
"388","the first step is to know what you are eating hidden calories are the secret to eftlessly weight gain for exam"
"389","ermmmm tea is the generic name just the same way they call every noodles indomie  every seasoning cubes maggi"
"390","im going to india  im taking a carton of indomie  me 

guinness queen 
congratulations queen 

nengiofguinness"
"391","no indomie no lyfeeee"
"392","i just texted my team to make me indomie hot seblak jeletot aton a saturday"
"393","later youll say you didnt yab him but let me finish my indomie first"
"394","hey guys i sell spaghetti  indomie at whole sale prices in bodija ibadan ejoor come and buy what im selling"
"395","if it makes you winning hahahahahaa gemes amaaat gegara indomie"
"396","hey guys i sell spaghetti  indomie at whole sale prices in bodija ibadan ejoor come and buy what im selling"
"397","hey guys i sell spaghetti  indomie at whole sale prices in bodija ibadan ejoor come and buy what im selling"
"398","hey guys i sell spaghetti  indomie at whole sale prices in bodija ibadan ejoor come and buy what im selling"
"399","onion indomie because na onions full everywhere"
"400","the right way to eat indomie is  plenty pepper"
"401","the right way to eat indomie is  plenty pepper"
"402","got my indomie alrd ready to enjoy svtincomplete"
"403","the right way to eat indomie is  plenty pepper"
"404","indomie  iphone"
"405","the indomie no done boss"
"406","hey guys i sell spaghetti  indomie at whole sale prices in bodija ibadan ejoor come and buy what im selling"
"407","man is really hungry suggest a quick food not indomie demsğŸ¤²"
"408","me ğŸ¤ making indomie atam"
"409","sowa levelhp mp
special skills making indomie sewing dressmaking drawing papping animols making"
"410","mc flurry amp indomie


alternative universe"
"411","na only indomie you sabi cook"
"412","hey guys i sell spaghetti  indomie at whole sale prices in bodija ibadan ejoor come and buy what im selling"
"413","sneezed out indomie"
"414","whenever you see a girl buyin indomie with oversized slippers amp shirt 
bro respect yourself dont toast her shes in"
"415","good at indomie"
"416","hey guys i sell spaghetti  indomie at whole sale prices in bodija ibadan ejoor come and buy what im selling"
"417","if you took money from your parents to buy spectacles duringeclipse kindly comment the indomie generation babies sh"
"418","man is really hungry suggest a quick food not indomie demsğŸ¤²"
"419","indomie never even done"
"420","hey guys i sell spaghetti  indomie at whole sale prices in bodija ibadan ejoor come and buy what im selling"
"421","these indomie babies have no idea"
"422","playing now

 indomiebywakenbake ğŸ‹ğŸ¾â€ï¸

w xx 
 
tune in"
"423","these indomie babies have no idea"
"424","ohh thats whyy because i live in indonesia where indomie is from but has never ever tried that flavour bee"
"425","hey guys i sell spaghetti  indomie at whole sale prices in bodija ibadan ejoor come and buy what im selling"
"426","indomieforhans 

one year of indomie coming your way 

toyotathailopen"
"427","indomie as the best reward"
"428","i just texted my team to make me indomie hot seblak jeletot aton a saturday"
"429","the right way to eat indomie is  plenty pepper"
"430","hey guys i sell spaghetti  indomie at whole sale prices in bodija ibadan ejoor come and buy what im selling"
"431","im sure u like indomie paa thats why u have a wrapper on ur right hthat be ind"
"432","hey guys i sell spaghetti  indomie at whole sale prices in bodija ibadan ejoor come and buy what im selling"
"433","hey guys i sell spaghetti  indomie at whole sale prices in bodija ibadan ejoor come and buy what im selling"
"434","hey guys i sell spaghetti  indomie at whole sale prices in bodija ibadan ejoor come and buy what im selling"
"435","too early to eat indomie kuah but here i am"
"436","hey guys i sell spaghetti  indomie at whole sale prices in bodija ibadan ejoor come and buy what im selling"
"437","you mean business today 
we go drag indomie today"
"438","ikr best thing i have ever eaten except  indomie indomie remian top tier"
"439","hey guys i sell spaghetti  indomie at whole sale prices in bodija ibadan ejoor come and buy what im selling"
"440","hey guys i sell spaghetti  indomie at whole sale prices in bodija ibadan ejoor come and buy what im selling"
"441","ive tried these two tootold you i grew up on indomie ğŸ¤£ the bawang one is my fave bawang is also onion in tagalog"
"442","hey guys i sell spaghetti  indomie at whole sale prices in bodija ibadan ejoor come and buy what im selling"
"443","today i used weed to cook indomie
my mom ate it  she has been sleeping since morningğŸ¤£"
"444","omo the gbedu sweet pass indomie i swear ğŸ¥°ğŸ¥°"
"445","man is really hungry suggest a quick food not indomie demsğŸ¤²"
"446","hey guys i sell spaghetti  indomie at whole sale prices in bodija ibadan ejoor come and buy what im selling"
"447","the right way to eat indomie is  plenty pepper"
"448","search youtube cara bikin indomie abang adek"
"449","two indomie is too much  one is too small  me i wish indomie will introduce one  half pack of indomie  nam"
"450","im leaving  place uncle i no help you do indomie  open gate again"
"451","bee indomie  bread eggs"
"452","hey guys i sell spaghetti  indomie at whole sale prices in bodija ibadan ejoor come and buy what im selling"
"453","hey guys i sell spaghetti  indomie at whole sale prices in bodija ibadan ejoor come and buy what im selling"
"454","has to be indomie  boiled egg"
"455","indomie lol"
"456","hey guys i sell spaghetti  indomie at whole sale prices in bodija ibadan ejoor come and buy what im selling"
"457","you no do some youve not had a childhood not talking to indomie generation"
"458","hey guys i sell spaghetti  indomie at whole sale prices in bodija ibadan ejoor come and buy what im selling"
"459","hey guys i sell spaghetti  indomie at whole sale prices in bodija ibadan ejoor come and buy what im selling"
"460","anyway my thirst  living is entirely valved on my access to indomie mi goreng noodles"
"461","listening to vittinghus podcast amp i  still laughing because mr ceo really contacting him to arrange indomie sup"
"462","indomie so fkn good"
"463","idk if indomie counts but yes lmaoo hj"
"464","indomi jumbo ayam panggang

flavor isnt my favorite but its my fav because of sentimental reasons i used to spen"
"465","cos indomie is selera tl 
my god pardon my lame joke ğŸ»"
"466","time flies ooo
who remembers  indomie advert
i can still sing the song from start to finish"
"467","playing now

 indomiebywakenbake ğŸ‹ğŸ¾â€ï¸

w xx 
 
tune in"
"468","hey guys i sell spaghetti  indomie at whole sale prices in bodija ibadan ejoor come and buy what im selling"
"469","indomie noodles are back on takealot ğŸ¾ğŸ¾ğŸ¾ğŸ¾"
"470","food is indeed a love language in  family my brother made me indomie yesterday today i made him geprek"
"471","jual netflix antihold garansi

sharing k k bulan
private k k bulan

 pricelist cek pinned"
"472","na indomie  spaghetti dey do me  morning"
"473","hey guys i sell spaghetti  indomie at whole sale prices in bodija ibadan ejoor come and buy what im selling"
"474","not other liquid products as its just a case of filling in a larger conta"
"475","hey guys i sell spaghetti  indomie at whole sale prices in bodija ibadan ejoor come and buy what im selling"
"476","hey guys i sell spaghetti  indomie at whole sale prices in bodija ibadan ejoor come and buy what im selling"
"477","time flies ooo
who remembers  indomie advert
i can still sing the song from start to finish"
"478","different day different indomie"
"479","oh also alsoit doesnt come in a cup i dont think but try mi goreng indomie bomb the packets are"
"480","hey guys i sell spaghetti  indomie at whole sale prices in bodija ibadan ejoor come and buy what im selling"
"481","i want to eat indomie too but i alr ate two yesterday"
"482","hey guys i sell spaghetti  indomie at whole sale prices in bodija ibadan ejoor come and buy what im selling"
"483","hey guys i sell spaghetti  indomie at whole sale prices in bodija ibadan ejoor come and buy what im selling"
"484","hey guys i sell spaghetti  indomie at whole sale prices in bodija ibadan ejoor come and buy what im selling"
"485","indomie  lunchmy mom mad asking indomie again she thinks i eat indomie everyday but its beenmonths las"
"486","two indomie is too much  one is too small  me i wish indomie will introduce one  half pack of indomie  nam"
"487","im craving indomie  bread  eggs  evening o is it bad to eat it  late"
"488","tinjangnim u r really a manğŸ¼
not all indonesians love badminton but"
"489","just me in the country that made indomie but not eat all the variety in  photo"
"490","hey guys i sell spaghetti  indomie at whole sale prices in bodija ibadan ejoor come and buy what im selling"
"491","the government need to put indomie as indonesias gastrodiplomacy"
"492","hey guys i sell spaghetti  indomie at whole sale prices in bodija ibadan ejoor come and buy what im selling"
"493","indomie be like"
"494","anyways ya girl bought apack variety of indomie  instead of gettingof the flavors that were advertised amaz"
"495","hey guys i sell spaghetti  indomie at whole sale prices in bodija ibadan ejoor come and buy what im selling"
"496","theyll rather vote yahaya bello over atiku abubakar if he decides to run  the elections

please where are those peopl"
"497","okay why is indomie flying around in my tl right now"
"498","indomie min please"
"499","rest well amp have indomie party tonite âœ¨"
"500","if you eat indomie  nasi u good"
"501","hey guys i sell spaghetti  indomie at whole sale prices in bodija ibadan ejoor come and buy what im selling"
"502","hey guys i sell spaghetti  indomie at whole sale prices in bodija ibadan ejoor come and buy what im selling"
"503","wow im glad you like it that much fun fact in here most taste on food can be found in the m of indomie"
"504","english hes fucking me

ilorin people indomie"
"505","all of that  then indomie"
"506","i heard they will raise a statue of hans in jakarta eating indomie"
"507","u can eat indomie  rice spinach eggs seaweed sausage or chicken strap its so boombas"
"508","the power of indonesia supporter  indomieğŸ¤£"
"509","thinking about how indomie goreng debutedyears ago but still gaining fame from around the world 

indofood is really th"
"510","two indomie is too much  one is too small  me i wish indomie will introduce one  half pack of indomie  nam"
"511","u can eat indomie  rice spinach eggs seaweed sausage or chicken strap its so boombas"
"512","hey guys i sell spaghetti  indomie at whole sale prices in bodija ibadan ejoor come and buy what im selling"
"513","it does really taste like indomie  different noodle texture i surprise myself"
"514","hey guys i sell spaghetti  indomie at whole sale prices in bodija ibadan ejoor come and buy what im selling"
"515","i made my own noodle from scratch  i crack the indomie seasoning code yes bumbu indomienya ngeracik sendiri"
"516","hey guys i sell spaghetti  indomie at whole sale prices in bodija ibadan ejoor come and buy what im selling"
"517","or maybe  a bowl of indomie"
"518","hey guys i sell spaghetti  indomie at whole sale prices in bodija ibadan ejoor come and buy what im selling"
"519","whenever you see a girl buyin indomie with oversized slippers amp shirt 
bro respect yourself dont toast her shes in"
"520","i had indomie  dinner like niggas from eastls"
"521","indomie goes to denmark ğŸ¤£ğŸ¤£ğŸ¤£"
"522","not at ppl talking about indomie while getting that supermie is the blueprint"
"523","i want  indomie 

indomie 
noodles 

im happy  "
"524","jual netflix antihold garansi

sharing k k bulan
private k k bulan

 pricelist cek pinned"
"525","hahahahahah i loooove indomie i had  since i  a kid so its one of my comt food âœ¨âœ¨ its"
"526","yall so my dad secretly bought an indomie  put it in  one place  just now i entered the kitchen  my mo"
"527","first time indomie"
"528","hey guys i sell spaghetti  indomie at whole sale prices in bodija ibadan ejoor come and buy what im selling"
"529","for babe wey dem disvirgin  aminu mishai  indomie
lmao"
"530","jual netflix antihold garansi

sharing k k bulan
private k k bulan

 pricelist cek pinned"
"531","i havent had indomie sincei miss her so much"
"532","hey guys i sell spaghetti  indomie at whole sale prices in bodija ibadan ejoor come and buy what im selling"
"533","hey guys i sell spaghetti  indomie at whole sale prices in bodija ibadan ejoor come and buy what im selling"
"534","askjaypark would you like to upload a vlog about indomie i mean  the hghr boys sksjjskksksjs"
"535","hey guys i sell spaghetti  indomie at whole sale prices in bodija ibadan ejoor come and buy what im selling"
"536","hey guys i sell spaghetti  indomie at whole sale prices in bodija ibadan ejoor come and buy what im selling"
"537","in indomie we trust long life indomie"
"538","ok theyre gone but r they gone  the day or r they just outcha eating indomie kornet n be back later"
"539","indomie time"
"540","hey guys i sell spaghetti  indomie at whole sale prices in bodija ibadan ejoor come and buy what im selling"
"541","hey guys i sell spaghetti  indomie at whole sale prices in bodija ibadan ejoor come and buy what im selling"
"542","jual netflix antihold garansi

sharing k k bulan
private k k bulan

 pricelist cek pinned"
"543","ğŸ¤£ğŸ¤£ğŸ¤£ğŸ¤£ most men dont respect themselves to eat well sometimes back niliona some boys competing to cook indomie ğŸ¤£ğŸ¤£ğŸ¤£ğŸ¤£"
"544","hey guys i sell spaghetti  indomie at whole sale prices in bodija ibadan ejoor come and buy what im selling"
"545","theyll rather vote yahaya bello over atiku abubakar if he decides to run  the elections

please where are those peopl"
"546","thankyou hans  helping ginting qualified fro world tour final"
"547","yessir aamiin ğŸ» your show always on my wishlist ï¸ ill give you indomie goreng  please share "
"548","hey guys i sell spaghetti  indomie at whole sale prices in bodija ibadan ejoor come and buy what im selling"
"549","indomie  life ğŸ¤£"
"550","askjaypark have you ever tried indonesian fried rice  indomieplease reply"
"551","jual netflix antihold garansi

sharing k k bulan
private k k bulan

 pricelist cek pinned"
"552","have u ever tried eating indomie like a harryaskjaypark"
"553","im still curious about indomie but i tired send you a question so have a good weekend jay"
"554","indomieforhans 

one year of indomie coming your way 

toyotathailopen"
"555","askjayparkdo you eat indomie"
"556","yeonjun you should try indomie
ì—°ì¤€ì´ì—ê²Œë¬¼ì–´ë´"
"557","do you want indomie ill send it later"
"558","i hope my husb knows he will be consuming indomie  dinnerout ofdays of the week"
"559","prince called me up to his office one day januaryto tell me that the comma inon the cover of the magazine shoul"
"560","choose the one you like indomie or jajangmyeon
askjaypark"
"561","i dont want to taste the food oppa kyuhyun the name is indomie fried noodles stirfried egg mustard spicy aku send"
"562","its time  lunch now if you were in indonesia what would you eat
nasi gorengğŸ½ï¸
indomie
nasi pecel
nasi"
"563","is moderate the chili sachet that comes  indomie"
"564","have you tried indomie like harry did"
"565","did u know that harry went famous in indonesia cuz the indomie accident askjaypark"
"566","indomie the new nct member"
"567","askjaypark have you eaten indomie like harry"
"568","trs bikin vlog unboxing indomie setruck"
"569","have you eat indomie like harry eat"
"570","have you tried the indomie  some indonesian snacks that have sent to hghr artists haha just curious"
"571","do you want indomie"
"572","dogdog noodle alias ë§¤ìš° spicy indomie ala aa burjo my luv"
"573","what do you thinking about indomie"
"574","do you like indomie noodles indomie noodles from indonesia  very tastyğŸ¤©ğŸ¤©"
"575","indomie mi goreng  steamed shrimp  kimchi  spicy fire sauce"
"576","indomie mi goreng  fried quail eggs  homemade kimchi ğŸ¤¤"
"577","indomie mi goreng  fried quail eggs  homemade kimchi ğŸ¤¤"
"578","indomie legend"
"579","indomie noodle is very tasty"
"580","indomie go to denmark astagaaaa ğŸ¤£ğŸ¤£ğŸ¤£"
"581","i recommend indomie noodles  better life"
"582","do you like indomie you must have it in your dorm"
"583","you must try indomie indomie is a ramen from indonesia gtlt"
"584","you must try indomie indomie is a ramen from indonesia gtlt"
"585","do you want to eat indomie"
"586","lets eat indomie"
"587","i will go eat indomie  today"
"588","i need eat mie goreng indomie"
"589","do you want to eat indomie"
"590","also indomie  great i overcooked the noodles though but i shall cook one more next time grabe nakaka adik shet"
"591","have you tried indomie noodles"
"592","do you know indomie"
"593","eat indomie"
"594","do you like indomie"
"595","yeonjun do u like indomie"
"596","do you know indomie"
"597","lets try indomie sooooooooo delicious indomie is ramen from indonesia"
"598","do you know indomie  is so delicious"
"599","have you try indomie so delicious"
"600","do you know indomie"
"601","you know indomie from indonesia"
"602","indomie  lyfe u must try it"
"603","oppado you like indomie"
"604","do you know indomie soto"
"605","indomie  better luckiykwim"
"606","do you know indomie"
"607","have you ever eaten indomieğŸ¤”ğŸ¤”"
"608","you must try indomieindomie seleraku and also you too selera ku is mean my type"
"609","do you like indomie indonesia noodles"
"610","now imma go  buy indomie cause i havent tried it yet"
"611","hi sungchan shotaro 
you want indomie"
"612","eating ramyeon from indonesiaindomieso delicious"
"613","you must try indomie indomie is a ramen from indonesia"
"614","do you ever eat indomie"
"615","i like indomie"
"616","have you ever eaten indomiehow does it feel do you like it"
"617","do you like indomie"
"618","sungchan do you like indomie"
"619","you must try indomie pake telorğŸ»"
"620","do you want some indomie i can make it  you"
"621","hey guys i sell spaghetti  indomie at whole sale prices in bodija ibadan ejoor come and buy what im selling"
"622","you must try indomie indomie is a ramen from indonesia gtlt"
"623","you must try indomie indomie is a ramen from indonesia gtlt"
"624","if you come to indonesia you should eat indomie or maybe seblak"
"625","indomie is good"
"626","you must try   is indomie ã…‹ã…‹ã…‹ã…‹ğŸ»ğŸ»"
"627","have you tried indomie"
"628","if the corona is gone lets visit indonesia i will give you indomie"
"629","i recommend indomie you know  is so delicious nyam nyam"
"630","you must try indomie indomie is a ramen from indonesia gtlt"
"631","you have to try indomie at least once in a lifetime"
"632","indomie world domination"
"633","mjb kurang indomie"
"634","im eating indomie do you want"
"635","eat nasi goreng very delicious or you can get indomie from wayv they have many"
"636","indomie goreng try it"
"637","u must try indomie fried noodle"
"638","the name of the noodle is indomie highly recommended even wayv members have bought it you have to try it"
"639","have you ever eaten indomiehow does it feel do you like it"
"640","apa kabar 
do you want some indomie
ive some a lot of noodle"
"641","you must eat indomie thats very delicious"
"642","omooo have you tried  indomie mi goreng is so delicious âœ¨"
"643","you must try indomie indomie is a ramen from indonesia gtlt"
"644","do you like indomie klepon"
"645","oh you should eat indomiechicken its my recommended lunch"
"646","pleas try indomie its like ramyeon but from indonesia"
"647","i want to go bed now but you all still menpa so i cant go sleep now 
eat indomie"
"648","indomie best boy"
"649","you know indomie this is indomie rebus its same  indomie goreng but  one ada air nya"
"650","eat indomie"
"651","eat indomie for better life"
"652","indomie indonesia very good"
"653","indomie goreng very delicious you must try"
"654","indomie the best"
"655","you should try indomie goreng is amazing"
"656","yoo try indomieits an instant mie from indonesia ğŸ» really delicious"
"657","eat indomie goreng please its so yummy"
"658","you should try indomie"
"659","try indomie goreng fried noodle"
"660","do you know indomie thats so delicious its same  ramen but thats from indonesia if you want to"
"661","have you tried indomie goreng"
"662","indomie noodles are delicious ğŸ¤¤"
"663","indomie its so good"
"664","my indomie is coming"
"665","bottle of beer 
i plate of cow pepper soup 
indomie  bottle water 

remainingna  strippers 

k don set"
"666","indomie world domination"
"667","now imma go  buy indomie cause i havent tried it yet"
"668","indomie goreng would be great"
"669","do you like indomie"
"670","do u know indomie"
"671","do you want some indomie
ive some a lot of noodle"
"672","sekarang kamu tau kan kekuatan indomieit is make something difficult become possible one it will be a history"
"673","sungchan thats indomied"
"674","indomiemie sedaapyour moveis one step ahead"
"675"," called indomie you want someğŸ¤”"
"676","shotaro do you like indomie"
"677","are you hungry please eat now i recommended indomie gorengboncabe levelits so yummy"
"678","have u tried indomie goreng its soooooo delicious"
"679","indomie is the solution"
"680","mantepppp indomie will having flight personally  pak hansğŸ¤£"
"681","i know im not the only one who boils the kettle bee making indomie"
"682","thinking about how indomie goreng debutedyears ago but still gaining fame from around the world 

indofood is really th"
"683","ill have to see if i can find it in korea i  so lucky just to find fried indomie"
"684","the power of indomie"
"685","today i used weed to cook indomie
my mom ate it  she has been sleeping since morningğŸ¤£"
"686","another marketing  indomie that costswell done"
"687","indomieforhans 

one year of indomie coming your way 

toyotathailopen"
"688","well that you need indomie to heal that or something cheat meals hahahaha ğŸ¤£ğŸ¤£ğŸ¤£ğŸ¤£"
"689","try indomie  approved it if its make you winning ğŸ¤£ğŸ¤£ğŸ¤£ğŸ¤£"
"690","indomie use mie goreng as well spring  it"
"691","hey guys i sell spaghetti  indomie at whole sale prices in bodija ibadan ejoor come and buy what im selling"
"692","i have no idea about indonesiai only know about the guys  indomieplease tell me more"
"693","today i used weed to cook indomie
my mom ate it  she has been sleeping since morningğŸ¤£"
"694","indomie  seksibukankepalang"
"695","hahahahaha omo its the patches jennie not indomie lol that only heal my tummy"
"696","morning hani aigoo your indomie will heal that"
"697","dont worrynothing is impossible  mr axton salim  getting you indomie his family owns the facto"
"698","indomie is now trending around badminton athletes hahahhahaha cuteeee wonder if the tpe athletes are also joining t"
"699","been eating indomie lately see u guys at my funeral ğŸ¤"
"700","vibrant ginger indomie noodles soup  custardy eggs  dambu nama  extra chew plus masterchef australiais"
"701","indomie foreverr ğŸ¤£"
"702","indomie world domination"
"703","hey guys i sell spaghetti  indomie at whole sale prices in bodija ibadan ejoor come and buy what im selling"
"704","pak hans motivation  the match

points âŒ
prize money âŒ
indomie âœ…"
"705","safeway indomie the future is here"
"706","hey guys i sell spaghetti  indomie at whole sale prices in bodija ibadan ejoor come and buy what im selling"
"707","indomie indomie everywhere"
"708","good morning ğŸ¤—ğŸ¤— beelare u ready  todaayda pada makan indomie kayana kmrblessing from our sarapq"
"709","hey guys i sell spaghetti  indomie at whole sale prices in bodija ibadan ejoor come and buy what im selling"
"710","two indomie is too much  one is too small  me i wish indomie will introduce one  half pack of indomie  nam"
"711","theyll rather vote yahaya bello over atiku abubakar if he decides to run  the elections

please where are those peopl"
"712","indomie do your magic"
"713","hey guys i sell spaghetti  indomie at whole sale prices in bodija ibadan ejoor come and buy what im selling"
"714","indomie
this iscrazyğŸ¤£
lifted the car body manually out use other toolsnormally use a kliftampjacksbu"
"715","starving  indomie"
"716","men are dogs but every minute biaa area boys di indomie gh di wo door to door"
"717","men are dogs but every minute biaa area boys di indomie gh di wo door to door"
"718","men are dogs but every minute biaa area boys di indomie gh di wo door to door"
"719","thinking about how indomie goreng debutedyears ago but still gaining fame from around the world 

indofood is really th"
"720","indomieforhans 

one year of indomie coming your way 

toyotathailopen"
"721","indomie for breakfast lets go â€ï¸â€â€â€ï¸â€â€â€ï¸â€â€â€ï¸â€â€â€ï¸â€â€"
"722","camping food is just different kinds of indomie"
"723","happy bornday"
"724","hey guys i sell spaghetti  indomie at whole sale prices in bodija ibadan ejoor come and buy what im selling"
"725","waduhh indomie"
"726","do you have a special topping  your glorious indomie kaldu"
"727","indomieforhans 

one year of indomie coming your way 

toyotathailopen"
"728","whenever you see a girl buyin indomie with oversized slippers amp shirt 
bro respect yourself dont toast her shes in"
"729","hey guys i sell spaghetti  indomie at whole sale prices in bodija ibadan ejoor come and buy what im selling"
"730","krystal noonaindomie as bfast 

me be like"
"731","i know im not the only one who boils the kettle bee making indomie"
"732","fbf of the late prince gracing the stage  the th naacpimageawards may he rest in power ğŸ¾

watch the nd n"
"733","youre stupid a girl says she doesnt know juninho and me making it clear to her the"
"734","sure"
"735","i just finish pack of indomie now now"
"736","yesplease release it"
"737","piano amp a microphone  professionally recorded on video  a multicam production  the fulllength audio of bo"
"738","hot  spicy indomie boiled eggs"
"739","indomie stans are so annoying indomie did not pave the way its true the world love them rn but yall really did supermi di"
"740","u have indomie hair its nice"
"741","hey guys i sell spaghetti  indomie at whole sale prices in bodija ibadan ejoor come and buy what im selling"
"742","this indomie generation smh"
"743","apart from indomie what other food can you get to buy at  time"
"744","ï¸ï¸ï¸ ready  eat indomie in a year everyday"
"745","are you meet ginting he want to give you indomie ahahaha btw goodluck  tomorrowï¸"
"746","permainan yang bagus good luck untuk besok stay healthy  eat indomie as much as you wantğŸ¤£"
"747","see me swallowing indomie like a prisoner by  time omoğŸ¤£"
"748","congrats om dont get to reply axton salims dm because he wants to send you indomie ğŸ¤£ğŸ¤£ğŸ¤£"
"749","what a match you played so well today both of you gave a spectacular match  audience co"
"750","i love u too unclethank you so much hopefully you win  tournament 
btw yo"
"751","have a good recovery tonight good luck  the sf indomie is waiting  you the best import"
"752","getting ready to eat  soaked indomie"
"753","hey guys i sell spaghetti  indomie at whole sale prices in bodija ibadan ejoor come and buy what im selling"
"754","is it too late to make indomie"
"755","dont get indomie hahaha"
"756","awake 
eating indomie"
"757","hey guys i sell spaghetti  indomie at whole sale prices in bodija ibadan ejoor come and buy what im selling"
"758","hey guys i sell spaghetti  indomie at whole sale prices in bodija ibadan ejoor come and buy what im selling"
"759","morn vibes 
cigarettes after indomie soto"
"760","apart from indomie what other food can you get to buy at  time"
"761","apart from indomie what other food can you get to buy at  time"
"762","hey guys i sell spaghetti  indomie at whole sale prices in bodija ibadan ejoor come and buy what im selling"
"763","hey guys i sell spaghetti  indomie at whole sale prices in bodija ibadan ejoor come and buy what im selling"
"764","i should have just passed when the indomie seller  an hausa acarry hunger chop indomie den ginger smh"
"765","im craving indomie  bread  eggs  evening o is it bad to eat it  late"
"766","totally agreedi also just call him the best not goat the best"
"767","he  the best bass player he  the best guitar player he  the best drummer he  the best singer he  the best d"
"768","last year while getting ready to perm darling nikki  theat lets go crazy the grammys salute to princ"
"769","i thought i  broke until my neighbor told me he wanted to sell his gas cooker  naira so that he can buyindo"
"770","lets see"
"771","never eat indomie out it"
"772","is  much indomie enough  you sir"
"773","the power of indomie ğŸ¥³"
"774","is  much indomie enough  you sir"
"775","indomie the best instant noodles in universe"
"776","indomieforhans 

one year of indomie coming your way 

toyotathailopen"
"777","goosebumps"
"778","hey guys i sell spaghetti  indomie at whole sale prices in bodija ibadan ejoor come and buy what im selling"
"779","the power of indomie"
"780","indomieforhans 

one year of indomie coming your way 

toyotathailopen"
"781","thx pak haaaannsss indomie will send to youuu ğŸ¤£ğŸ¤£"
"782","omg indomie on trending what happen to her"
"783","hey guys i sell spaghetti  indomie at whole sale prices in bodija ibadan ejoor come and buy what im selling"
"784","why is indomie trending ğŸ¤£"
"785","gokill masbeneran dongindomie tring topic"
"786","indomie trending no 
fans badminton ina emang tokcer"
"787","if i  good w words i would be making poems ab peeing after a long day  indomie but again i would love to make"
"788","hey guys i sell spaghetti  indomie at whole sale prices in bodija ibadan ejoor come and buy what im selling"
"789","i want  indomie 

indomie 
noodles 

im happy  "
"790","oh god a bright morning to achieve what we wish to fulfill our needs to facilitate our affairs  to bring pea"
"791","thinking about how indomie goreng debutedyears ago but still gaining fame from around the world 

indofood is really th"
"792","one thing ill offer in a relationship is my perfect astonishing indomie cooking skills"
"793","hey guys i sell spaghetti  indomie at whole sale prices in bodija ibadan ejoor come and buy what im selling"
"794","the original indomie mi goreng taste betted than the jumbo one imo"
"795","of coursebye bye to indomiebread  coco pops"
"796","though indomie goreng is the one mentioned  tweet has made me craving  indomie ayam bawang"
"797","uwaaa ive a lot of indomie here á—’á—©á—• if i could ill teleport to ur place  give some haha"
"798","today i used weed to cook indomie
my mom ate it  she has been sleeping since morningğŸ¤£"
"799","indomie is stormin the world but dont know what is the most favorite indomie flavor out there is it like here"
"800","hey guys i sell spaghetti  indomie at whole sale prices in bodija ibadan ejoor come and buy what im selling"
"801","impossible gold experience"
"802","my gurls still trending yo and guess what its dead queen behavior bitch  the other trending also my favorite kin"
"803","is  much indomie enough  you sir"
"804","why the fuck indomie is trending lmaooo"
"805","hey guys i sell spaghetti  indomie at whole sale prices in bodija ibadan ejoor come and buy what im selling"
"806","i should have just passed when the indomie seller  an hausa acarry hunger chop indomie den ginger smh"
"807","heres a fun prince poll 

whats yourfavoritealbum cover you can only pick one"
"808","is  much indomie enough  you sir"
"809","i should have just passed when the indomie seller  an hausa acarry hunger chop indomie den ginger smh"
"810","if you took money from your parents to buy spectacles duringeclipse kindly comment the indomie generation babies sh"
"811","hey guys i sell spaghetti  indomie at whole sale prices in bodija ibadan ejoor come and buy what im selling"
"812","is  much indomie enough  you sir"
"813","english hes fucking me

ilorin people indomie"
"814","maybe if i stopped making indomie by am id have abs by now"
"815","indomie trending woeyğŸ¤£"
"816","im watching mr beast eatinggolden ice cream while eating myjumbonormal sized pack of indomie goreng

pain peko"
"817","today i used weed to cook indomie
my mom ate it  she has been sleeping since morningğŸ¤£"
"818","me my sleep schedule is fucked i should really get some sleep

brain our sleep schedule is just fine now go make some in"
"819","whenever you see a girl buyin indomie with oversized slippers amp shirt 
bro respect yourself dont toast her shes in"
"820","two indomie is too much  one is too small  me i wish indomie will introduce one  half pack of indomie  nam"
"821","two indomie is too much  one is too small  me i wish indomie will introduce one  half pack of indomie  nam"
"822","indomie borns have missed a lot"
"823","maybe if i stopped making indomie by am id have abs by now"
"824","is  much indomie enough  you sir"
"825","weather appropriateits indomie so dont let ozzy see it"
"826","indomieforhans 

one year of indomie coming your way 

toyotathailopen"
"827","what variant of indomie you choose  prawn n noodle menu looks great i am indomielovers"
"828","i love indomie"
"829","something to h down the sorry excuse of indomie i just ate"
"830","hey guys i sell spaghetti  indomie at whole sale prices in bodija ibadan ejoor come and buy what im selling"
"831","thinking about indomie ayam bawang"
"832","indomie life"
"833","haha indomie beneran trendingbig thanks to"
"834","not even going to lie i used to eat indomie  lick the plate after cause of the sauce then i tried it in one o"
"835","the power of indomie"
"836","indomie  bread how did you endure the sweet taste"
"837","im craving indomie  bread  eggs  evening o is it bad to eat it  late"
"838","whenever you see a girl buyin indomie with oversized slippers amp shirt 
bro respect yourself dont toast her shes in"
"839","indomie is trending"
"840","this indomie generation  short fuse need to learn"
"841","anyways ya girl bought apack variety of indomie  instead of gettingof the flavors that were advertised a"
"842","too much indomie last night i guess"
"843","hey guys i sell spaghetti  indomie at whole sale prices in bodija ibadan ejoor come and buy what im selling"
"844","hey guys i sell spaghetti  indomie at whole sale prices in bodija ibadan ejoor come and buy what im selling"
"845","im indonesia of course where indomie produced clap clap lol"
"846","hey guys i sell spaghetti  indomie at whole sale prices in bodija ibadan ejoor come and buy what im selling"
"847","hey guys i sell spaghetti  indomie at whole sale prices in bodija ibadan ejoor come and buy what im selling"
"848","me serving a girl indomie  boiled egg after bragging about my cooking skills  her visit"
"849","hey guys i sell spaghetti  indomie at whole sale prices in bodija ibadan ejoor come and buy what im selling"
"850","cuz indomie is trending rn i think you guys should try to cook the indomie kuah the soto one  change the sop  milk the best"
"851","if indomie looked like  damn ğŸ¤¤"
"852","is it true that it takeshours  indomie do digest"
"853","two indomie is too much  one is too small  me i wish indomie will introduce one  half pack of indomie  nam"
"854","hey guys i sell spaghetti  indomie at whole sale prices in bodija ibadan ejoor come and buy what im selling"
"855","hey guys i sell spaghetti  indomie at whole sale prices in bodija ibadan ejoor come and buy what im selling"
"856","not me eating indomie by  time"
"857","indomie  coke"
"858","two indomie is too much  one is too small  me i wish indomie will introduce one  half pack of indomie  nam"
"859","hey guys i sell spaghetti  indomie at whole sale prices in bodija ibadan ejoor come and buy what im selling"
"860","hey guys i sell spaghetti  indomie at whole sale prices in bodija ibadan ejoor come and buy what im selling"
"861","i needindomie ma"
"862","you cant make everyone happy you are not indomie"
"863","hey guys i sell spaghetti  indomie at whole sale prices in bodija ibadan ejoor come and buy what im selling"
"864","indomie or drown"
"865","hey guys i sell spaghetti  indomie at whole sale prices in bodija ibadan ejoor come and buy what im selling"
"866","tag a friend you would share a plate of indomie   beautiful friday morning"
"867","kubincika min a wane area yau papping yaci indomie a kaduna i want check somethingğŸ¤£"
"868","hey guys i sell spaghetti  indomie at whole sale prices in bodija ibadan ejoor come and buy what im selling"
"869","hey guys i sell spaghetti  indomie at whole sale prices in bodija ibadan ejoor come and buy what im selling"
"870","you have to try  one recipe to enjoy indomie"
"871","yes same way you dey run bread x indomie egusi na just bonus"
"872","hey guys i sell spaghetti  indomie at whole sale prices in bodija ibadan ejoor come and buy what im selling"
"873","theyll rather vote yahaya bello over atiku abubakar if he decides to run  the elections

please where are those peopl"
"874","hey guys i sell spaghetti  indomie at whole sale prices in bodija ibadan ejoor come and buy what im selling"
"875","you have to try  one recipe to enjoy indomie"
"876","you have to try  one recipe to enjoy indomie"
"877","hey guys i sell spaghetti  indomie at whole sale prices in bodija ibadan ejoor come and buy what im selling"
"878","hey guys i sell spaghetti  indomie at whole sale prices in bodija ibadan ejoor come and buy what im selling"
"879","all of  hype about vittinghus  indomie around the night id smack the tv if anthony ginting fail to qualify in the group stage"
"880","hopefully so especially the indomie generation"
"881","nice recipes  cook indomie"
"882","first time to try indomie topped  cheese ğŸ¤¯"
"883","im craving indomie  bread  eggs  evening o is it bad to eat it  late"
"884","two indomie is too much  one is too small  me i wish indomie will introduce one  half pack of indomie  nam"
"885","hey guys i sell spaghetti  indomie at whole sale prices in bodija ibadan ejoor come and buy what im selling"
"886","theyll rather vote yahaya bello over atiku abubakar if he decides to run  the elections

please where are those peopl"
"887","whenever you see a girl buyin indomie with oversized slippers amp shirt 
bro respect yourself dont toast her shes in"
"888","hey guys i sell spaghetti  indomie at whole sale prices in bodija ibadan ejoor come and buy what im selling"
"889","two indomie is too much  one is too small  me i wish indomie will introduce one  half pack of indomie  nam"
"890","how can i eat indomietimes"
"891","hey guys i sell spaghetti  indomie at whole sale prices in bodija ibadan ejoor come and buy what im selling"
"892","thinking about how indomie goreng debutedyears ago but still gaining fame from around the world 

indofood is really th"
"893","in the morning is time  taste indomie right"
"894","i thought i  broke until my neighbor told me he wanted to sell his gas cooker  naira so that he can buyindo"
"895","indomieforhans 

one year of indomie coming your way 

toyotathailopen"
"896","hey guys i sell spaghetti  indomie at whole sale prices in bodija ibadan ejoor come and buy what im selling"
"897","detox tea  indomie  two eggs"
"898","hey guys i sell spaghetti  indomie at whole sale prices in bodija ibadan ejoor come and buy what im selling"
"899","hey guys i sell spaghetti  indomie at whole sale prices in bodija ibadan ejoor come and buy what im selling"
"900","whenever you see a girl buyin indomie with oversized slippers amp shirt 
bro respect yourself dont toast her shes in"
"901","they already have its called indomie jumbo"
"902","the right way to eat indomie is  plenty pepper"
"903","are you from the indomie generation chief"
"904","are you from the indomie generation your highness"
"905","hey guys i sell spaghetti  indomie at whole sale prices in bodija ibadan ejoor come and buy what im selling"
"906","my kid brother takes likeor more indomie from the carton  hides them so when indomie finishes hed come  sell the on"
"907","whenever you see a girl buyin indomie with oversized slippers amp shirt 
bro respect yourself dont toast her shes in"
"908","you will get indomie from the bos  a year ahead
thanks  your great permance  help gintin"
"909","two indomie is too much  one is too small  me i wish indomie will introduce one  half pack of indomie  nam"
"910","coming to americanot  indomie generation tho"
"911","hey guys i sell spaghetti  indomie at whole sale prices in bodija ibadan ejoor come and buy what im selling"
"912","hey guys i sell spaghetti  indomie at whole sale prices in bodija ibadan ejoor come and buy what im selling"
"913","but how do i convince my brother to make indomiehes playing hard to get"
"914","indomieforhans 

one year of indomie coming your way 

toyotathailopen"
"915","indonesian people eat indomie  rice  eggs  they said that the elite combo try it on"
"916","having a zayn x bts rap line marathon while making indomie so true"
"917","i thought i  broke until my neighbor told me he wanted to sell his gas cooker  naira so that he can buyindo"
"918","i thought ive seen it all until today i saw somebody eating indomie gari  egg"
"919","u can eat indomie  rice spinach eggs seaweed sausage or chicken strap its so"
"920","hey guys i sell spaghetti  indomie at whole sale prices in bodija ibadan ejoor come and buy what im selling"
"921","indomie  bread is such an elite combo gtgt"
"922","hey guys i sell spaghetti  indomie at whole sale prices in bodija ibadan ejoor come and buy what im selling"
"923","not at ppl talking about indomie while getting that supermie is the blueprint"
"924","thinking about how indomie goreng debutedyears ago but still gaining fame from around the world 

indofood is really th"
"925","then come to indonesia after  pemic  buy one box of indomie"
"926","the indomie wey i buy s dey inside"
"927","i tried the indomie noodles  they were so freaking good ğŸ¤¤ next stop sopporo sochi an noodles theyll be here sunday"
"928","hey guys i sell spaghetti  indomie at whole sale prices in bodija ibadan ejoor come and buy what im selling"
"929","today i used weed to cook indomie
my mom ate it  she has been sleeping since morningğŸ¤£"
"930","why do majority said they should crucify jesus  free barnabas  them
answer my questi"
"931","in indonesia eat indomie  rice sausage spinach  also some egg"
"932","theyll rather vote yahaya bello over atiku abubakar if he decides to run  the elections

please where are those peopl"
"933","why do majority said they should crucify jesus  free barnabas  them
answer my q"
"934","back in medschool on a friday night like boyz go don dey plan club  different location

fastward to now"
"935","its hard to believe rightwell i live in a different country indomie is not common here"
"936","hey guys i sell spaghetti  indomie at whole sale prices in bodija ibadan ejoor come and buy what im selling"
"937","hey guys i sell spaghetti  indomie at whole sale prices in bodija ibadan ejoor come and buy what im selling"
"938","just paid my winter energy bill octjan eating indomie until next month jesus christ"
"939","hey guys i sell spaghetti  indomie at whole sale prices in bodija ibadan ejoor come and buy what im selling"
"940","im craving  indomiei cant find it here in my placei swear its been a year since the last time i eat indomieahhhhh"
"941","i made fancy indomie today instead of coco pops i hope youre proud"
"942","today i used weed to cook indomie
my mom ate it  she has been sleeping since morningğŸ¤£"
"943","hey guys i sell spaghetti  indomie at whole sale prices in bodija ibadan ejoor come and buy what im selling"
"944","theyll rather vote yahaya bello over atiku abubakar if he decides to run  the elections

please where are those peopl"
"945","bottle of beer 
i plate of cow pepper soup 
indomie  bottle water 

remainingna  strippers 

k don set"
"946","hey guys i sell spaghetti  indomie at whole sale prices in bodija ibadan ejoor come and buy what im selling"
"947","whenever you see a girl buyin indomie with oversized slippers amp shirt 
bro respect yourself dont toast her shes in"
"948","thiago chop better no dey chop indomie alcantara"
"949","now they have seized my indomie pot"
"950","whenever you see a girl buyin indomie with oversized slippers amp shirt 
bro respect yourself dont toast her shes in"
"951","hey guys i sell spaghetti  indomie at whole sale prices in bodija ibadan ejoor come and buy what im selling"
"952","tank god the menu don change ohhhh
indomie  fearless go rest today"
"953","hey guys i sell spaghetti  indomie at whole sale prices in bodija ibadan ejoor come and buy what im selling"
"954","thankyou broindomie  you"
"955","hey guys i sell spaghetti  indomie at whole sale prices in bodija ibadan ejoor come and buy what im selling"
"956","hey guys i sell spaghetti  indomie at whole sale prices in bodija ibadan ejoor come and buy what im selling"
"957","the right way to eat indomie is  plenty pepper"
"958","i made fancy indomie today instead of coco pops i hope youre proud"
"959","if you took money from your parents to buy spectacles duringeclipse kindly comment the indomie generation babies sh"
"960","hey guys i sell spaghetti  indomie at whole sale prices in bodija ibadan ejoor come and buy what im selling"
"961","whenever you see a girl buyin indomie with oversized slippers amp shirt 
bro respect yourself dont toast her shes in"
"962","hey guys i sell spaghetti  indomie at whole sale prices in bodija ibadan ejoor come and buy what im selling"
"963","takeindomietoworkbeing a night guard i have to carry my indomie to work cause the night can get cold a"
"964","theyll rather vote yahaya bello over atiku abubakar if he decides to run  the elections

please where are those peopl"
"965","indomie would hit rn"
"966","hey guys i sell spaghetti  indomie at whole sale prices in bodija ibadan ejoor come and buy what im selling"
"967","takeindomietoworkbeing a night guard i have to carry my indomie to work cause the night can get cold a"
"968","man is really hungry suggest a quick food not indomie demsğŸ¤²"
"969","where they  begging him stupid bastard do you even know who alao akala is or"
"970","hey guys i sell spaghetti  indomie at whole sale prices in bodija ibadan ejoor come and buy what im selling"
"971","is  much indomie enough  you sir"
"972","hey guys i sell spaghetti  indomie at whole sale prices in bodija ibadan ejoor come and buy what im selling"
"973","hey guys i sell spaghetti  indomie at whole sale prices in bodija ibadan ejoor come and buy what im selling"
"974","hey guys i sell spaghetti  indomie at whole sale prices in bodija ibadan ejoor come and buy what im selling"
"975","takeindomietoworkbeing a night guard i have to carry my indomie to work cause the night can get cold a"
"976","whenever you see a girl buyin indomie with oversized slippers amp shirt 
bro respect yourself dont toast her shes in"
"977","someone should pls add banga spice to their indomie  let me know"
"978","the right way to eat indomie is  plenty pepper"
"979","hey guys i sell spaghetti  indomie at whole sale prices in bodija ibadan ejoor come and buy what im selling"
"980","the right way to eat indomie is  plenty pepper"
"981","whenever you see a girl buyin indomie with oversized slippers amp shirt 
bro respect yourself dont toast her shes in"
"982","takeindomietoworkbeing a night guard i have to carry my indomie to work cause the night can get"
"983","hey guys i sell spaghetti  indomie at whole sale prices in bodija ibadan ejoor come and buy what im selling"
"984","im craving indomie  bread  eggs  evening o is it bad to eat it  late"
"985","today i used weed to cook indomie
my mom ate it  she has been sleeping since morningğŸ¤£"
"986","hey guys i sell spaghetti  indomie at whole sale prices in bodija ibadan ejoor come and buy what im selling"
"987","indomienengi fine scattercongratulations queen congratulations queen 
nengixguinness nengixguinness"
"988","please sir i dont make indomie music too kindly gimme a chance to make a timeless music  you 
ive got a lot of son"
"989","indomienengi fine scattercongratulations queen congratulations queen 
nengixguinness nengixguinness"
"990","indomienengi fine scattercongratulations queen congratulations queen 
nengixguinness nengixguinness"
"991","youre a legend if you used  pen in basic school the indomie generation can you shift to the back ğŸ¤£ğŸ¤£ğŸ¤£

flashback f"
"992","hey guys i sell spaghetti  indomie at whole sale prices in bodija ibadan ejoor come and buy what im selling"
"993","indomienengi fine scattercongratulations queen congratulations queen 
nengixguinness nengixguinness"
"994","today i used weed to cook indomie
my mom ate it  she has been sleeping since morningğŸ¤£"
"995","if you took money from your parents to buy spectacles duringeclipse kindly comment the indomie generation babies sh"
"996","hey guys i sell spaghetti  indomie at whole sale prices in bodija ibadan ejoor come and buy what im selling"
"997","whenever you see a girl buyin indomie with oversized slippers amp shirt 
bro respect yourself dont toast her shes in"
"998","don baba j make i dae count am  you during bbnaija you share money you no gimme you share generator upon sa"
"999","naso indomie no take sign eric oh"
"1000","youre a legend if you used  pen in basic school the indomie generation can you shift to the back ğŸ¤£ğŸ¤£ğŸ¤£

flashback f"
